{"cameraMode":{"drawMode":0,"name":"Shaded","section":"Shading Mode"},"sceneLighting":true,"audioPlay":false,"sceneViewState":{"m_AlwaysRefresh":false,"showFog":true,"showSkybox":true,"showFlares":true,"showImageEffects":true,"showParticleSystems":true,"showVisualEffectGraphs":true,"m_FxEnabled":true},"in2DMode":false,"pivot":{"x":12.267927169799805,"y":-17.278837203979493,"z":13.00686264038086},"rotation":{"x":0.33369797468185427,"y":0.2041645646095276,"z":-0.07427116483449936,"w":0.9173063039779663},"size":16.734647750854493,"orthographic":false}